asin,title,link,image,rating,review_count,price,delivery
B09MYJ1R6L,Microsoft System Builder | Windоws 11 Home | Intended use for new systems | Install on a new PC | Branded by Microsoft,https://www.amazon.com/Microsoft-Wind%D0%BEws-Home-OEM-DVD/dp/B09MYJ1R6L/ref=sr_1_1?dib=eyJ2IjoiMSJ9.28FRflhOkRPygJw5iTDApRSNsRi3WYgdt9FH_lB2Z8H9qMDP21Vc1Y5L1L0rHl4yGsU2bQfWX6cxffJXLGfnVkf3vvXjfo4zVMMdkjwD6DvcCt7gBd6uDw2H5g-zn2oyWXFCx9WcZWN2luEiZ52ZtspAcAJAkmhFjKhY8XOoLAjvj39A0QGBN2yXUiaRaln5KxUWO2ja-SW_ix-h-bfwuNUp43qBhm63sKBZPO1p8_U.TgTKHU7KnXaXciT23hTTJNbUzy6f2dllDt3GvrQz1Go&dib_tag=se&qid=1748434465&s=software&sr=1-1&srs=16225008011,https://m.media-amazon.com/images/I/61JfosHunyL._AC_UY218_.jpg,4.0 out of 5 stars,"1,856",$119.99,Delivery Jun 30 - Jul 16
B092M5G1G7,Mullvad VPN | 12 Months for 5 Devices | Protect Your Privacy with Easy-To-Use Security VPN Service,https://www.amazon.com/Mullvad-VPN-Windows-Android-SCRATCH/dp/B092M5G1G7/ref=sr_1_2?dib=eyJ2IjoiMSJ9.28FRflhOkRPygJw5iTDApRSNsRi3WYgdt9FH_lB2Z8H9qMDP21Vc1Y5L1L0rHl4yGsU2bQfWX6cxffJXLGfnVkf3vvXjfo4zVMMdkjwD6DvcCt7gBd6uDw2H5g-zn2oyWXFCx9WcZWN2luEiZ52ZtspAcAJAkmhFjKhY8XOoLAjvj39A0QGBN2yXUiaRaln5KxUWO2ja-SW_ix-h-bfwuNUp43qBhm63sKBZPO1p8_U.TgTKHU7KnXaXciT23hTTJNbUzy6f2dllDt3GvrQz1Go&dib_tag=se&qid=1748434465&s=software&sr=1-2&srs=16225008011,https://m.media-amazon.com/images/I/61IHAqDMolL._AC_UY218_.jpg,4.7 out of 5 stars,"1,062",$58.00,N/A
B076VQ4Y4J,"Laplink PCmover Ultimate 11 - Migration of your Applications, Files and Settings from an Old PC to a New PC - Data Transfer Software - With Optional High Speed Ethernet Cable - 1 License",https://www.amazon.com/Laplink-PCmover-Ultimate-Ethernet-Cable/dp/B076VQ4Y4J/ref=sr_1_3?dib=eyJ2IjoiMSJ9.28FRflhOkRPygJw5iTDApRSNsRi3WYgdt9FH_lB2Z8H9qMDP21Vc1Y5L1L0rHl4yGsU2bQfWX6cxffJXLGfnVkf3vvXjfo4zVMMdkjwD6DvcCt7gBd6uDw2H5g-zn2oyWXFCx9WcZWN2luEiZ52ZtspAcAJAkmhFjKhY8XOoLAjvj39A0QGBN2yXUiaRaln5KxUWO2ja-SW_ix-h-bfwuNUp43qBhm63sKBZPO1p8_U.TgTKHU7KnXaXciT23hTTJNbUzy6f2dllDt3GvrQz1Go&dib_tag=se&qid=1748434465&s=software&sr=1-3&srs=16225008011,https://m.media-amazon.com/images/I/6151DZn15uL._AC_UY218_.jpg,4.1 out of 5 stars,"5,601",$39.95,Delivery Jun 30 - Jul 16
B07QCVZW81,"Norton 360 Premium 2025, Antivirus software for 10 Devices with Auto Renewal - Includes VPN, PC Cloud Backup & Dark Web Monitoring [Key card]",https://www.amazon.com/NEW-Norton-360-Premium-Monitoring/dp/B07QCVZW81/ref=sr_1_4?dib=eyJ2IjoiMSJ9.28FRflhOkRPygJw5iTDApRSNsRi3WYgdt9FH_lB2Z8H9qMDP21Vc1Y5L1L0rHl4yGsU2bQfWX6cxffJXLGfnVkf3vvXjfo4zVMMdkjwD6DvcCt7gBd6uDw2H5g-zn2oyWXFCx9WcZWN2luEiZ52ZtspAcAJAkmhFjKhY8XOoLAjvj39A0QGBN2yXUiaRaln5KxUWO2ja-SW_ix-h-bfwuNUp43qBhm63sKBZPO1p8_U.TgTKHU7KnXaXciT23hTTJNbUzy6f2dllDt3GvrQz1Go&dib_tag=se&qid=1748434465&s=software&sr=1-4&srs=16225008011,https://m.media-amazon.com/images/I/71+0sewCxOL._AC_UY218_.jpg,4.2 out of 5 stars,"6,671",$29.99,Delivery Jun 30 - Jul 16
B0DK29FP4Z,"Microsoft Office Home 2024 | One time purchase, 1 Device | Windows 10/11, Mac - Key Card",https://www.amazon.com/Microsoft-Office-purchase-Device-Windows/dp/B0DK29FP4Z/ref=sr_1_5?dib=eyJ2IjoiMSJ9.28FRflhOkRPygJw5iTDApRSNsRi3WYgdt9FH_lB2Z8H9qMDP21Vc1Y5L1L0rHl4yGsU2bQfWX6cxffJXLGfnVkf3vvXjfo4zVMMdkjwD6DvcCt7gBd6uDw2H5g-zn2oyWXFCx9WcZWN2luEiZ52ZtspAcAJAkmhFjKhY8XOoLAjvj39A0QGBN2yXUiaRaln5KxUWO2ja-SW_ix-h-bfwuNUp43qBhm63sKBZPO1p8_U.TgTKHU7KnXaXciT23hTTJNbUzy6f2dllDt3GvrQz1Go&dib_tag=se&qid=1748434465&s=software&sr=1-5&srs=16225008011,https://m.media-amazon.com/images/I/51gGYg2xuwL._AC_UY218_.jpg,4.2 out of 5 stars,70,$147.00,Delivery Jun 30 - Jul 16
B01999U7QY,Synology IP Camera License Pack for 8 (CLP8),https://www.amazon.com/Synology-Camera-License-Pack-CLP8/dp/B01999U7QY/ref=sr_1_6?dib=eyJ2IjoiMSJ9.28FRflhOkRPygJw5iTDApRSNsRi3WYgdt9FH_lB2Z8H9qMDP21Vc1Y5L1L0rHl4yGsU2bQfWX6cxffJXLGfnVkf3vvXjfo4zVMMdkjwD6DvcCt7gBd6uDw2H5g-zn2oyWXFCx9WcZWN2luEiZ52ZtspAcAJAkmhFjKhY8XOoLAjvj39A0QGBN2yXUiaRaln5KxUWO2ja-SW_ix-h-bfwuNUp43qBhm63sKBZPO1p8_U.TgTKHU7KnXaXciT23hTTJNbUzy6f2dllDt3GvrQz1Go&dib_tag=se&qid=1748434465&s=software&sr=1-6&srs=16225008011,https://m.media-amazon.com/images/I/4157QiiGn1L._AC_UY218_.jpg,4.5 out of 5 stars,164,$379.87,Delivery Jun 30 - Jul 16
B0CKQ2FSKR,"Tech-Shop-pro Compatible Key OEM Windo 10 profesional 32/64 Bit USB Installation media onilne activatiation Key C. Install To Factory Fresh, Recover, Intended for newer Systems",https://www.amazon.com/Tech-Shop-pro-Compatible-profesional-Installation-activatiation/dp/B0CKQ2FSKR/ref=sr_1_7?dib=eyJ2IjoiMSJ9.28FRflhOkRPygJw5iTDApRSNsRi3WYgdt9FH_lB2Z8H9qMDP21Vc1Y5L1L0rHl4yGsU2bQfWX6cxffJXLGfnVkf3vvXjfo4zVMMdkjwD6DvcCt7gBd6uDw2H5g-zn2oyWXFCx9WcZWN2luEiZ52ZtspAcAJAkmhFjKhY8XOoLAjvj39A0QGBN2yXUiaRaln5KxUWO2ja-SW_ix-h-bfwuNUp43qBhm63sKBZPO1p8_U.TgTKHU7KnXaXciT23hTTJNbUzy6f2dllDt3GvrQz1Go&dib_tag=se&qid=1748434465&s=software&sr=1-7&srs=16225008011,https://m.media-amazon.com/images/I/61iCyL0DH2L._AC_UY218_.jpg,4.2 out of 5 stars,88,$59.00,Delivery Jun 30 - Jul 16
B0CM4F111Z,"Tech-Shop-pro install Key Included USB For Windows 11 Home Version 32/64 bit. Recover, Restore, Repair Boot USB, and Install to Factory Default Fast and easy Free Technical Support.",https://www.amazon.com/Tech-Shop-pro-install-Included-Technical-Support/dp/B0CM4F111Z/ref=sr_1_8?dib=eyJ2IjoiMSJ9.28FRflhOkRPygJw5iTDApRSNsRi3WYgdt9FH_lB2Z8H9qMDP21Vc1Y5L1L0rHl4yGsU2bQfWX6cxffJXLGfnVkf3vvXjfo4zVMMdkjwD6DvcCt7gBd6uDw2H5g-zn2oyWXFCx9WcZWN2luEiZ52ZtspAcAJAkmhFjKhY8XOoLAjvj39A0QGBN2yXUiaRaln5KxUWO2ja-SW_ix-h-bfwuNUp43qBhm63sKBZPO1p8_U.TgTKHU7KnXaXciT23hTTJNbUzy6f2dllDt3GvrQz1Go&dib_tag=se&qid=1748434465&s=software&sr=1-8&srs=16225008011,https://m.media-amazon.com/images/I/71HHcF-XFtL._AC_UY218_.jpg,3.9 out of 5 stars,113,$59.00,Delivery Jun 30 - Jul 16
B07QFXSQFP,"Norton 360 Deluxe 2025, Antivirus software for 3 Devices with Auto Renewal - Includes VPN, PC Cloud Backup & Dark Web Monitoring [Key Card]",https://www.amazon.com/NEW-Norton-360-Deluxe-Monitoring/dp/B07QFXSQFP/ref=sr_1_9?dib=eyJ2IjoiMSJ9.28FRflhOkRPygJw5iTDApRSNsRi3WYgdt9FH_lB2Z8H9qMDP21Vc1Y5L1L0rHl4yGsU2bQfWX6cxffJXLGfnVkf3vvXjfo4zVMMdkjwD6DvcCt7gBd6uDw2H5g-zn2oyWXFCx9WcZWN2luEiZ52ZtspAcAJAkmhFjKhY8XOoLAjvj39A0QGBN2yXUiaRaln5KxUWO2ja-SW_ix-h-bfwuNUp43qBhm63sKBZPO1p8_U.TgTKHU7KnXaXciT23hTTJNbUzy6f2dllDt3GvrQz1Go&dib_tag=se&qid=1748434465&s=software&sr=1-9&srs=16225008011,https://m.media-amazon.com/images/I/71wzSyueOpL._AC_UY218_.jpg,4.1 out of 5 stars,"2,894",$19.99,Delivery Aug 4 - 12
B091KJH72X,"Corel WordPerfect Office Home & Student 2021 | Office Suite of Word Processor, Spreadsheets & Presentation Software [PC Disc]",https://www.amazon.com/Corel-WordPerfect-Processor-Spreadsheets-Presentation/dp/B091KJH72X/ref=sr_1_10?dib=eyJ2IjoiMSJ9.28FRflhOkRPygJw5iTDApRSNsRi3WYgdt9FH_lB2Z8H9qMDP21Vc1Y5L1L0rHl4yGsU2bQfWX6cxffJXLGfnVkf3vvXjfo4zVMMdkjwD6DvcCt7gBd6uDw2H5g-zn2oyWXFCx9WcZWN2luEiZ52ZtspAcAJAkmhFjKhY8XOoLAjvj39A0QGBN2yXUiaRaln5KxUWO2ja-SW_ix-h-bfwuNUp43qBhm63sKBZPO1p8_U.TgTKHU7KnXaXciT23hTTJNbUzy6f2dllDt3GvrQz1Go&dib_tag=se&qid=1748434465&s=software&sr=1-10&srs=16225008011,https://m.media-amazon.com/images/I/51HxhrJSCfS._AC_UY218_.jpg,4.1 out of 5 stars,"1,179",$94.49,Delivery Jun 30 - Jul 16
B07TWN55VV,"Roxio Easy VHS to DVD 3 Plus | VHS, Hi8, V8 Video to DVD or Digital Converter | Amazon Exclusive 2 Bonus DVDs [Windows Disc]",https://www.amazon.com/Digital-Converter-Amazon-Exclusive-Windows/dp/B07TWN55VV/ref=sr_1_11?dib=eyJ2IjoiMSJ9.28FRflhOkRPygJw5iTDApRSNsRi3WYgdt9FH_lB2Z8H9qMDP21Vc1Y5L1L0rHl4yGsU2bQfWX6cxffJXLGfnVkf3vvXjfo4zVMMdkjwD6DvcCt7gBd6uDw2H5g-zn2oyWXFCx9WcZWN2luEiZ52ZtspAcAJAkmhFjKhY8XOoLAjvj39A0QGBN2yXUiaRaln5KxUWO2ja-SW_ix-h-bfwuNUp43qBhm63sKBZPO1p8_U.TgTKHU7KnXaXciT23hTTJNbUzy6f2dllDt3GvrQz1Go&dib_tag=se&qid=1748434465&s=software&sr=1-11&srs=16225008011,https://m.media-amazon.com/images/I/71Vo5Zbv1oL._AC_UY218_.jpg,3.8 out of 5 stars,"3,761",$48.04,Delivery Jun 30 - Jul 16
B07QLYWQRQ,"Norton 360 Deluxe 2025, Antivirus software for 5 Devices with Auto Renewal - Includes VPN, PC Cloud Backup & Dark Web Monitoring [Key Card]",https://www.amazon.com/Symantec-Antivirus-software-Devices-Renewal/dp/B07QLYWQRQ/ref=sr_1_12?dib=eyJ2IjoiMSJ9.28FRflhOkRPygJw5iTDApRSNsRi3WYgdt9FH_lB2Z8H9qMDP21Vc1Y5L1L0rHl4yGsU2bQfWX6cxffJXLGfnVkf3vvXjfo4zVMMdkjwD6DvcCt7gBd6uDw2H5g-zn2oyWXFCx9WcZWN2luEiZ52ZtspAcAJAkmhFjKhY8XOoLAjvj39A0QGBN2yXUiaRaln5KxUWO2ja-SW_ix-h-bfwuNUp43qBhm63sKBZPO1p8_U.TgTKHU7KnXaXciT23hTTJNbUzy6f2dllDt3GvrQz1Go&dib_tag=se&qid=1748434465&s=software&sr=1-12&srs=16225008011,https://m.media-amazon.com/images/I/71ANSYyAWvL._AC_UY218_.jpg,4.1 out of 5 stars,"4,481",$28.70,N/A
B0CGMMK9C6,"Quicken Classic Deluxe, Personal Finance Software - Take control of your finances - 1 Year Subscription (Windows/Mac) [Key Card]",https://www.amazon.com/Quicken-Classic-Personal-Finance-Software/dp/B0CGMMK9C6/ref=sr_1_13?dib=eyJ2IjoiMSJ9.28FRflhOkRPygJw5iTDApRSNsRi3WYgdt9FH_lB2Z8H9qMDP21Vc1Y5L1L0rHl4yGsU2bQfWX6cxffJXLGfnVkf3vvXjfo4zVMMdkjwD6DvcCt7gBd6uDw2H5g-zn2oyWXFCx9WcZWN2luEiZ52ZtspAcAJAkmhFjKhY8XOoLAjvj39A0QGBN2yXUiaRaln5KxUWO2ja-SW_ix-h-bfwuNUp43qBhm63sKBZPO1p8_U.TgTKHU7KnXaXciT23hTTJNbUzy6f2dllDt3GvrQz1Go&dib_tag=se&qid=1748434465&s=software&sr=1-13&srs=16225008011,https://m.media-amazon.com/images/I/61zP2gorNwL._AC_UY218_.jpg,4.2 out of 5 stars,233,N/A,N/A
B001JD8J8W,Synology IP Camera License Pack for 4 (CLP4),https://www.amazon.com/Synology-Camera-License-Pack-CLP4/dp/B001JD8J8W/ref=sr_1_14?dib=eyJ2IjoiMSJ9.28FRflhOkRPygJw5iTDApRSNsRi3WYgdt9FH_lB2Z8H9qMDP21Vc1Y5L1L0rHl4yGsU2bQfWX6cxffJXLGfnVkf3vvXjfo4zVMMdkjwD6DvcCt7gBd6uDw2H5g-zn2oyWXFCx9WcZWN2luEiZ52ZtspAcAJAkmhFjKhY8XOoLAjvj39A0QGBN2yXUiaRaln5KxUWO2ja-SW_ix-h-bfwuNUp43qBhm63sKBZPO1p8_U.TgTKHU7KnXaXciT23hTTJNbUzy6f2dllDt3GvrQz1Go&dib_tag=se&qid=1748434465&s=software&sr=1-14&srs=16225008011,https://m.media-amazon.com/images/I/41--sAyULfL._AC_UY218_.jpg,4.6 out of 5 stars,691,$219.93,N/A
B001MJ0JAO,Synology IP Camera License Pack for 1 (CLP1),https://www.amazon.com/Synology-Camera-License-Pack-CLP1/dp/B001MJ0JAO/ref=sr_1_15?dib=eyJ2IjoiMSJ9.28FRflhOkRPygJw5iTDApRSNsRi3WYgdt9FH_lB2Z8H9qMDP21Vc1Y5L1L0rHl4yGsU2bQfWX6cxffJXLGfnVkf3vvXjfo4zVMMdkjwD6DvcCt7gBd6uDw2H5g-zn2oyWXFCx9WcZWN2luEiZ52ZtspAcAJAkmhFjKhY8XOoLAjvj39A0QGBN2yXUiaRaln5KxUWO2ja-SW_ix-h-bfwuNUp43qBhm63sKBZPO1p8_U.TgTKHU7KnXaXciT23hTTJNbUzy6f2dllDt3GvrQz1Go&dib_tag=se&qid=1748434465&s=software&sr=1-15&srs=16225008011,https://m.media-amazon.com/images/I/511b6iPtylL._AC_UY218_.jpg,4.4 out of 5 stars,"1,194",$57.26,Delivery Jun 30 - Jul 16
B0BJ9N5RMP,"Tech-Shop-pro Reinstall USB with key For Windows 11 Pro Version 32/64 bit. Recover, Restore, Repair Boot Disc, and Install to Factory Default Fast and easy",https://www.amazon.com/Tech-Shop-pro-Reinstall-Windows-Version-Recover/dp/B0BJ9N5RMP/ref=sr_1_16?dib=eyJ2IjoiMSJ9.28FRflhOkRPygJw5iTDApRSNsRi3WYgdt9FH_lB2Z8H9qMDP21Vc1Y5L1L0rHl4yGsU2bQfWX6cxffJXLGfnVkf3vvXjfo4zVMMdkjwD6DvcCt7gBd6uDw2H5g-zn2oyWXFCx9WcZWN2luEiZ52ZtspAcAJAkmhFjKhY8XOoLAjvj39A0QGBN2yXUiaRaln5KxUWO2ja-SW_ix-h-bfwuNUp43qBhm63sKBZPO1p8_U.TgTKHU7KnXaXciT23hTTJNbUzy6f2dllDt3GvrQz1Go&dib_tag=se&qid=1748434465&s=software&sr=1-16&srs=16225008011,https://m.media-amazon.com/images/I/71o2cLW+ZOL._AC_UY218_.jpg,3.7 out of 5 stars,89,$59.00,Delivery Jun 30 - Jul 16
B07RS7XV5D,Corel Easy CD & DVD Burning 2 | Disc Burner & Video Capture [PC Disc],https://www.amazon.com/Corel-Roxio-Easy-DVD-Burning/dp/B07RS7XV5D/ref=sr_1_17?dib=eyJ2IjoiMSJ9.dJYZ04cV9_v-bJzaM46ADUjwvLKl5EtjPwslNQtaUMDUB9T9HgpMLOJLoDL6HdMWhnSN5QU2J97pZxMP_By7oEpn0-RMrJRMOi3hCqnsfdcetPjp-WjIC3j0PanzFwgZmeHQPYlm52NOtZBk6BppPDoooWBnnv-pvRf7gAC6Z5TfZybQ10z1LxMD8LlQzwP56kIMZqc1uV6FtR6Stdw4GmY9vLx2qI9AXaxlg_Esmeo.ri4XMh2cK3ShMjcm8_erxw8r5J9yUglgZs95PdG8GaA&dib_tag=se&qid=1748434472&s=software&sr=1-17&srs=16225008011&xpid=EqFDzypNPiQe_,https://m.media-amazon.com/images/I/71DjNLyzK7L._AC_UY218_.jpg,4.0 out of 5 stars,"2,033",$14.99,Delivery Jun 30 - Jul 16
B0CK7FN7DD,"PC-TECH Compatible with Windows 10 Professional 64 Bit USB With Key. Factory fresh, Recover, Repair and Restore. Key code and USB install Included. Fix PC, Laptop and Desktop. Free Technical Support",https://www.amazon.com/Compatible-Profesional-Included-Desktop-Technical/dp/B0CK7FN7DD/ref=sr_1_18?dib=eyJ2IjoiMSJ9.dJYZ04cV9_v-bJzaM46ADUjwvLKl5EtjPwslNQtaUMDUB9T9HgpMLOJLoDL6HdMWhnSN5QU2J97pZxMP_By7oEpn0-RMrJRMOi3hCqnsfdcetPjp-WjIC3j0PanzFwgZmeHQPYlm52NOtZBk6BppPDoooWBnnv-pvRf7gAC6Z5TfZybQ10z1LxMD8LlQzwP56kIMZqc1uV6FtR6Stdw4GmY9vLx2qI9AXaxlg_Esmeo.ri4XMh2cK3ShMjcm8_erxw8r5J9yUglgZs95PdG8GaA&dib_tag=se&qid=1748434472&s=software&sr=1-18&srs=16225008011&xpid=EqFDzypNPiQe_,https://m.media-amazon.com/images/I/81X5ex2cPnL._AC_UY218_.jpg,4.2 out of 5 stars,150,$59.89,Delivery Jun 30 - Jul 16
B0CRVSWNKR,"TrulyOffice 2024 Family Lifetime License for Windows | 4 in 1 All Access TrulyOffice Suite | Words, Sheets, Slides, and Cloud | 5 Users | Physical Activation Card",https://www.amazon.com/TrulyOffice-Family-Lifetime-License-Windows/dp/B0CRVSWNKR/ref=sr_1_19?dib=eyJ2IjoiMSJ9.dJYZ04cV9_v-bJzaM46ADUjwvLKl5EtjPwslNQtaUMDUB9T9HgpMLOJLoDL6HdMWhnSN5QU2J97pZxMP_By7oEpn0-RMrJRMOi3hCqnsfdcetPjp-WjIC3j0PanzFwgZmeHQPYlm52NOtZBk6BppPDoooWBnnv-pvRf7gAC6Z5TfZybQ10z1LxMD8LlQzwP56kIMZqc1uV6FtR6Stdw4GmY9vLx2qI9AXaxlg_Esmeo.ri4XMh2cK3ShMjcm8_erxw8r5J9yUglgZs95PdG8GaA&dib_tag=se&qid=1748434472&s=software&sr=1-19&srs=16225008011&xpid=EqFDzypNPiQe_,https://m.media-amazon.com/images/I/71RlVIq332L._AC_UY218_.jpg,3.7 out of 5 stars,116,$69.99,Delivery Jun 30 - Jul 16
B07YWKYZWD,PDF Extra Lifetime - Professional PDF Editor - Best Adobe Acrobat Pro Alternative - Lifetime License for Windows PC,https://www.amazon.com/PDF-Extra-2020-Professional-Subscription/dp/B07YWKYZWD/ref=sr_1_20?dib=eyJ2IjoiMSJ9.dJYZ04cV9_v-bJzaM46ADUjwvLKl5EtjPwslNQtaUMDUB9T9HgpMLOJLoDL6HdMWhnSN5QU2J97pZxMP_By7oEpn0-RMrJRMOi3hCqnsfdcetPjp-WjIC3j0PanzFwgZmeHQPYlm52NOtZBk6BppPDoooWBnnv-pvRf7gAC6Z5TfZybQ10z1LxMD8LlQzwP56kIMZqc1uV6FtR6Stdw4GmY9vLx2qI9AXaxlg_Esmeo.ri4XMh2cK3ShMjcm8_erxw8r5J9yUglgZs95PdG8GaA&dib_tag=se&qid=1748434472&s=software&sr=1-20&srs=16225008011&xpid=EqFDzypNPiQe_,https://m.media-amazon.com/images/I/61JLg+27OSL._AC_UY218_.jpg,4.0 out of 5 stars,236,$99.99,N/A
3959828241,"Office Suite 2025 Special Edition for Windows 11-10-8-7-Vista-XP | PC Software and 1.000 New Fonts | Alternative to Microsoft Office | Compatible with Word, Excel and PowerPoint",https://www.amazon.com/10-8-7-Vista-XP-Alternative-Microsoft-Compatible-PowerPoint/dp/3959828241/ref=sr_1_21?dib=eyJ2IjoiMSJ9.dJYZ04cV9_v-bJzaM46ADUjwvLKl5EtjPwslNQtaUMDUB9T9HgpMLOJLoDL6HdMWhnSN5QU2J97pZxMP_By7oEpn0-RMrJRMOi3hCqnsfdcetPjp-WjIC3j0PanzFwgZmeHQPYlm52NOtZBk6BppPDoooWBnnv-pvRf7gAC6Z5TfZybQ10z1LxMD8LlQzwP56kIMZqc1uV6FtR6Stdw4GmY9vLx2qI9AXaxlg_Esmeo.ri4XMh2cK3ShMjcm8_erxw8r5J9yUglgZs95PdG8GaA&dib_tag=se&qid=1748434472&s=software&sr=1-21&srs=16225008011&xpid=EqFDzypNPiQe_,https://m.media-amazon.com/images/I/715vGJTd+lL._AC_UY218_.jpg,4.1 out of 5 stars,"1,646",$14.99,Delivery Jun 30 - Jul 16
B0C7SPYJ11,FL Studio 21 Producer Edition and Waves Musicians 2 Bundle,https://www.amazon.com/Studio-Producer-Waves-Musicians-Bundle/dp/B0C7SPYJ11/ref=sr_1_22?dib=eyJ2IjoiMSJ9.dJYZ04cV9_v-bJzaM46ADUjwvLKl5EtjPwslNQtaUMDUB9T9HgpMLOJLoDL6HdMWhnSN5QU2J97pZxMP_By7oEpn0-RMrJRMOi3hCqnsfdcetPjp-WjIC3j0PanzFwgZmeHQPYlm52NOtZBk6BppPDoooWBnnv-pvRf7gAC6Z5TfZybQ10z1LxMD8LlQzwP56kIMZqc1uV6FtR6Stdw4GmY9vLx2qI9AXaxlg_Esmeo.ri4XMh2cK3ShMjcm8_erxw8r5J9yUglgZs95PdG8GaA&dib_tag=se&qid=1748434472&s=software&sr=1-22&srs=16225008011&xpid=EqFDzypNPiQe_,https://m.media-amazon.com/images/I/71-aGxaeKtL._AC_UY218_.jpg,4.6 out of 5 stars,55,$195.00,N/A
B0CH442XW8,"Video Editing Software Pack | Editor, YouTube Downloader, MP3 MP4 Converter, Green Screen App | 10K Transitions for Premiere Pro and Sound Effects | Windows and Mac 64GB USB",https://www.amazon.com/Software-Downloader-Converter-Transitions-Premiere/dp/B0CH442XW8/ref=sr_1_23?dib=eyJ2IjoiMSJ9.dJYZ04cV9_v-bJzaM46ADUjwvLKl5EtjPwslNQtaUMDUB9T9HgpMLOJLoDL6HdMWhnSN5QU2J97pZxMP_By7oEpn0-RMrJRMOi3hCqnsfdcetPjp-WjIC3j0PanzFwgZmeHQPYlm52NOtZBk6BppPDoooWBnnv-pvRf7gAC6Z5TfZybQ10z1LxMD8LlQzwP56kIMZqc1uV6FtR6Stdw4GmY9vLx2qI9AXaxlg_Esmeo.ri4XMh2cK3ShMjcm8_erxw8r5J9yUglgZs95PdG8GaA&dib_tag=se&qid=1748434472&s=software&sr=1-23&srs=16225008011&xpid=EqFDzypNPiQe_,https://m.media-amazon.com/images/I/8167JbjZ1IL._AC_UY218_.jpg,3.9 out of 5 stars,211,$24.95,N/A
B06W9JQ1S1,Office Suite 2025 on CD DVD Disc | Compatible with Microsoft Office 2024 2021 365 2019 2016 2013 2010 2007 Word Excel PowerPoint | Powered by Apache OpenOffice for Windows 11 10 8 7 Vista XP PC & Mac,https://www.amazon.com/Microsoft-Compatible-Software-Powered-OpenOfficeTM/dp/B06W9JQ1S1/ref=sr_1_24?dib=eyJ2IjoiMSJ9.dJYZ04cV9_v-bJzaM46ADUjwvLKl5EtjPwslNQtaUMDUB9T9HgpMLOJLoDL6HdMWhnSN5QU2J97pZxMP_By7oEpn0-RMrJRMOi3hCqnsfdcetPjp-WjIC3j0PanzFwgZmeHQPYlm52NOtZBk6BppPDoooWBnnv-pvRf7gAC6Z5TfZybQ10z1LxMD8LlQzwP56kIMZqc1uV6FtR6Stdw4GmY9vLx2qI9AXaxlg_Esmeo.ri4XMh2cK3ShMjcm8_erxw8r5J9yUglgZs95PdG8GaA&dib_tag=se&qid=1748434472&s=software&sr=1-24&srs=16225008011&xpid=EqFDzypNPiQe_,https://m.media-amazon.com/images/I/71gNKoc3EQL._AC_UY218_.jpg,3.9 out of 5 stars,"2,443",$19.99,N/A
B08NGVKKQB,Office Suite 2025 on USB | MS Office Alternative Compatible with Office 2024 2021 Word Excel PowerPoint Files | Lifetime License & Free Updates | Powered by Apache OpenOffice for Windows 11 10 PC Mac,https://www.amazon.com/Software-Compatible-Microsoft-Powered-OpenOffice/dp/B08NGVKKQB/ref=sr_1_25?dib=eyJ2IjoiMSJ9.dJYZ04cV9_v-bJzaM46ADUjwvLKl5EtjPwslNQtaUMDUB9T9HgpMLOJLoDL6HdMWhnSN5QU2J97pZxMP_By7oEpn0-RMrJRMOi3hCqnsfdcetPjp-WjIC3j0PanzFwgZmeHQPYlm52NOtZBk6BppPDoooWBnnv-pvRf7gAC6Z5TfZybQ10z1LxMD8LlQzwP56kIMZqc1uV6FtR6Stdw4GmY9vLx2qI9AXaxlg_Esmeo.ri4XMh2cK3ShMjcm8_erxw8r5J9yUglgZs95PdG8GaA&dib_tag=se&qid=1748434472&s=software&sr=1-25&srs=16225008011&xpid=EqFDzypNPiQe_,https://m.media-amazon.com/images/I/61bMRWNRPeL._AC_UY218_.jpg,3.8 out of 5 stars,226,$19.99,N/A
B07ZLGQYPQ,"Ralix Windows Emergency Boot Disk - For Windows 98, 2000, XP, Vista, 7, 10 PC Repair DVD All in One Tool (Latest Version)",https://www.amazon.com/Ralix-Windows-Emergency-Boot-Disk/dp/B07ZLGQYPQ/ref=sr_1_26?dib=eyJ2IjoiMSJ9.dJYZ04cV9_v-bJzaM46ADUjwvLKl5EtjPwslNQtaUMDUB9T9HgpMLOJLoDL6HdMWhnSN5QU2J97pZxMP_By7oEpn0-RMrJRMOi3hCqnsfdcetPjp-WjIC3j0PanzFwgZmeHQPYlm52NOtZBk6BppPDoooWBnnv-pvRf7gAC6Z5TfZybQ10z1LxMD8LlQzwP56kIMZqc1uV6FtR6Stdw4GmY9vLx2qI9AXaxlg_Esmeo.ri4XMh2cK3ShMjcm8_erxw8r5J9yUglgZs95PdG8GaA&dib_tag=se&qid=1748434472&s=software&sr=1-26&srs=16225008011&xpid=EqFDzypNPiQe_,https://m.media-amazon.com/images/I/810-f3AMQCL._AC_UY218_.jpg,3.4 out of 5 stars,"2,439",$11.99,N/A
B0CRFBDG4G,"CyberLink PowerDVD 23 Ultra | Award-Winning Blu-ray, DVD, & Media Player Software | Play Virtually Any File Format [Retail Box with Download Card]",https://www.amazon.com/CyberLink-PowerDVD-Award-Winning-Software-Virtually/dp/B0CRFBDG4G/ref=sr_1_27?dib=eyJ2IjoiMSJ9.dJYZ04cV9_v-bJzaM46ADUjwvLKl5EtjPwslNQtaUMDUB9T9HgpMLOJLoDL6HdMWhnSN5QU2J97pZxMP_By7oEpn0-RMrJRMOi3hCqnsfdcetPjp-WjIC3j0PanzFwgZmeHQPYlm52NOtZBk6BppPDoooWBnnv-pvRf7gAC6Z5TfZybQ10z1LxMD8LlQzwP56kIMZqc1uV6FtR6Stdw4GmY9vLx2qI9AXaxlg_Esmeo.ri4XMh2cK3ShMjcm8_erxw8r5J9yUglgZs95PdG8GaA&dib_tag=se&qid=1748434472&s=software&sr=1-27&srs=16225008011&xpid=EqFDzypNPiQe_,https://m.media-amazon.com/images/I/71t19a+7EDL._AC_UY218_.jpg,4.0 out of 5 stars,74,$69.99,Delivery Jun 30 - Jul 16
B0045WAF9U,CheckBuilderPro - Windows & Mac Check Printing Software,https://www.amazon.com/CheckBuilderPro-Check-Printing-Software-Macintosh/dp/B0045WAF9U/ref=sr_1_28?dib=eyJ2IjoiMSJ9.dJYZ04cV9_v-bJzaM46ADUjwvLKl5EtjPwslNQtaUMDUB9T9HgpMLOJLoDL6HdMWhnSN5QU2J97pZxMP_By7oEpn0-RMrJRMOi3hCqnsfdcetPjp-WjIC3j0PanzFwgZmeHQPYlm52NOtZBk6BppPDoooWBnnv-pvRf7gAC6Z5TfZybQ10z1LxMD8LlQzwP56kIMZqc1uV6FtR6Stdw4GmY9vLx2qI9AXaxlg_Esmeo.ri4XMh2cK3ShMjcm8_erxw8r5J9yUglgZs95PdG8GaA&dib_tag=se&qid=1748434472&s=software&sr=1-28&srs=16225008011&xpid=EqFDzypNPiQe_,https://m.media-amazon.com/images/I/61wr-Mm2qPL._AC_UY218_.jpg,4.2 out of 5 stars,493,$59.95,Delivery Jun 30 - Jul 16
B07HGKWBNR,Coding for Kids with Minecraft - Ages 9+ Learn Real Computer Programming and Code Amazing Minecraft Mods with Java - Award-Winning Online Courses (PC & Mac),https://www.amazon.com/Coding-Kids-Minecraft-Programming-Award-Winning/dp/B07HGKWBNR/ref=sr_1_29?dib=eyJ2IjoiMSJ9.dJYZ04cV9_v-bJzaM46ADUjwvLKl5EtjPwslNQtaUMDUB9T9HgpMLOJLoDL6HdMWhnSN5QU2J97pZxMP_By7oEpn0-RMrJRMOi3hCqnsfdcetPjp-WjIC3j0PanzFwgZmeHQPYlm52NOtZBk6BppPDoooWBnnv-pvRf7gAC6Z5TfZybQ10z1LxMD8LlQzwP56kIMZqc1uV6FtR6Stdw4GmY9vLx2qI9AXaxlg_Esmeo.ri4XMh2cK3ShMjcm8_erxw8r5J9yUglgZs95PdG8GaA&dib_tag=se&qid=1748434472&s=software&sr=1-29&srs=16225008011&xpid=EqFDzypNPiQe_,https://m.media-amazon.com/images/I/613OywaWyvL._AC_UY218_.jpg,4.1 out of 5 stars,249,$59.00,N/A
B07PNFRCZS,"Malwarebytes Premium Software | Amazon Exclusive | 18 Months, 2 Devices (Windows, Mac OS, Android, Apple iOS, Chrome) [software_key_card]",https://www.amazon.com/Malwarebytes-Amazon-Exclusive-Devices-Android/dp/B07PNFRCZS/ref=sr_1_30?dib=eyJ2IjoiMSJ9.dJYZ04cV9_v-bJzaM46ADUjwvLKl5EtjPwslNQtaUMDUB9T9HgpMLOJLoDL6HdMWhnSN5QU2J97pZxMP_By7oEpn0-RMrJRMOi3hCqnsfdcetPjp-WjIC3j0PanzFwgZmeHQPYlm52NOtZBk6BppPDoooWBnnv-pvRf7gAC6Z5TfZybQ10z1LxMD8LlQzwP56kIMZqc1uV6FtR6Stdw4GmY9vLx2qI9AXaxlg_Esmeo.ri4XMh2cK3ShMjcm8_erxw8r5J9yUglgZs95PdG8GaA&dib_tag=se&qid=1748434472&s=software&sr=1-30&srs=16225008011&xpid=EqFDzypNPiQe_,https://m.media-amazon.com/images/I/71rsrG965bL._AC_UY218_.jpg,4.4 out of 5 stars,974,$29.99,Delivery Jun 30 - Jul 16
B07C895FTM,Image Line FL Studio 20 Producer Edition,https://www.amazon.com/Image-Line-Studio-Producer-Windows/dp/B07C895FTM/ref=sr_1_31?dib=eyJ2IjoiMSJ9.dJYZ04cV9_v-bJzaM46ADUjwvLKl5EtjPwslNQtaUMDUB9T9HgpMLOJLoDL6HdMWhnSN5QU2J97pZxMP_By7oEpn0-RMrJRMOi3hCqnsfdcetPjp-WjIC3j0PanzFwgZmeHQPYlm52NOtZBk6BppPDoooWBnnv-pvRf7gAC6Z5TfZybQ10z1LxMD8LlQzwP56kIMZqc1uV6FtR6Stdw4GmY9vLx2qI9AXaxlg_Esmeo.ri4XMh2cK3ShMjcm8_erxw8r5J9yUglgZs95PdG8GaA&dib_tag=se&qid=1748434472&s=software&sr=1-31&srs=16225008011&xpid=EqFDzypNPiQe_,https://m.media-amazon.com/images/I/51EAYV9bKWL._AC_UY218_.jpg,4.6 out of 5 stars,"1,278",$195.00,N/A
B0DDVG71KN,CyberLink PowerDirector 2025 Ultimate | Easy-to-Use AI Video Editing Software for Windows With Visual Effects | Slideshow Maker | Screen Recorder | Box with Download Code,https://www.amazon.com/CyberLink-PowerDirector-Ultimate-Software-Slideshow/dp/B0DDVG71KN/ref=sr_1_32?dib=eyJ2IjoiMSJ9.dJYZ04cV9_v-bJzaM46ADUjwvLKl5EtjPwslNQtaUMDUB9T9HgpMLOJLoDL6HdMWhnSN5QU2J97pZxMP_By7oEpn0-RMrJRMOi3hCqnsfdcetPjp-WjIC3j0PanzFwgZmeHQPYlm52NOtZBk6BppPDoooWBnnv-pvRf7gAC6Z5TfZybQ10z1LxMD8LlQzwP56kIMZqc1uV6FtR6Stdw4GmY9vLx2qI9AXaxlg_Esmeo.ri4XMh2cK3ShMjcm8_erxw8r5J9yUglgZs95PdG8GaA&dib_tag=se&qid=1748434472&s=software&sr=1-32&srs=16225008011&xpid=EqFDzypNPiQe_,https://m.media-amazon.com/images/I/71RGQOkz-HL._AC_UY218_.jpg,4.4 out of 5 stars,25,$111.99,Delivery Jun 30 - Jul 16
B07ZPCNJC1,"Ralix Reinstall DVD For Windows 7 All Versions 32/64 bit. Recover, Restore, Repair Boot Disc, and Install to Factory Default will Fix PC Easy!",https://www.amazon.com/Ralix-Reinstall-Windows-Versions-Recover/dp/B07ZPCNJC1/ref=sr_1_33?dib=eyJ2IjoiMSJ9.w7f-qeJD-lTn1Fj4VcxOUlzYGigNaRlgiL9weyIn9FF5RmHtFdsXuHgQFzL2bQTGB0F82xXwLvlo6FODfclaRi-yY_DBR0C51MoAjhNDlP0d839OvliGVdaqQ9pyZhszwxSlZpQcer9FZaCi4SwHk2_HDmQ2sIjDZsAvFbkk_znGUdqxEyVlBCcSJ7PrL7fYkxEF2cJyQKLw_vNCji72IUJ4zYd53xJT5S9hgeaUcX0.31OhLDGCMFTHZFCBsvVCmRGIClm-bYexVVOXZKt7_mY&dib_tag=se&qid=1748434479&s=software&sr=1-33&srs=16225008011&xpid=EqFDzypNPiQe_,https://m.media-amazon.com/images/I/61zviPfwJnL._AC_UY218_.jpg,3.5 out of 5 stars,"1,397",$11.99,Delivery Jun 30 - Jul 16
B083QRHKNJ,"Family Tree Heritage Gold 16 - Genealogy Software - Includes Free Searches to FamilySearch, the World's Largest Genealogy Database - CD/PC",https://www.amazon.com/Family-Tree-Heritage-Gold-16/dp/B083QRHKNJ/ref=sr_1_34?dib=eyJ2IjoiMSJ9.w7f-qeJD-lTn1Fj4VcxOUlzYGigNaRlgiL9weyIn9FF5RmHtFdsXuHgQFzL2bQTGB0F82xXwLvlo6FODfclaRi-yY_DBR0C51MoAjhNDlP0d839OvliGVdaqQ9pyZhszwxSlZpQcer9FZaCi4SwHk2_HDmQ2sIjDZsAvFbkk_znGUdqxEyVlBCcSJ7PrL7fYkxEF2cJyQKLw_vNCji72IUJ4zYd53xJT5S9hgeaUcX0.31OhLDGCMFTHZFCBsvVCmRGIClm-bYexVVOXZKt7_mY&dib_tag=se&qid=1748434479&s=software&sr=1-34&srs=16225008011&xpid=EqFDzypNPiQe_,https://m.media-amazon.com/images/I/81ftXVii+fL._AC_UY218_.jpg,3.8 out of 5 stars,446,$49.99,Delivery Jun 30 - Jul 16
B0B4PT3H46,"Ralix Reinstall DVD Compatible with Windows 11 All Versions 64 bit. Recover, Restore, Repair Boot Disc, and Install to Factory Default will Fix PC Easy!",https://www.amazon.com/Ralix-Reinstall-Windows-Versions-Recover/dp/B0B4PT3H46/ref=sr_1_35?dib=eyJ2IjoiMSJ9.w7f-qeJD-lTn1Fj4VcxOUlzYGigNaRlgiL9weyIn9FF5RmHtFdsXuHgQFzL2bQTGB0F82xXwLvlo6FODfclaRi-yY_DBR0C51MoAjhNDlP0d839OvliGVdaqQ9pyZhszwxSlZpQcer9FZaCi4SwHk2_HDmQ2sIjDZsAvFbkk_znGUdqxEyVlBCcSJ7PrL7fYkxEF2cJyQKLw_vNCji72IUJ4zYd53xJT5S9hgeaUcX0.31OhLDGCMFTHZFCBsvVCmRGIClm-bYexVVOXZKt7_mY&dib_tag=se&qid=1748434479&s=software&sr=1-35&srs=16225008011&xpid=EqFDzypNPiQe_,https://m.media-amazon.com/images/I/51ciiKqh4YL._AC_UY218_.jpg,3.1 out of 5 stars,193,$11.99,Delivery Jun 30 - Jul 16
B0DZY2B6ML,"PDF Pro 4 - incl. OCR - sign PDFs - create forms - edit, convert, comment, create - for Win 11, 10, 8.1, 7",https://www.amazon.com/PDF-Pro-create-convert-comment/dp/B0DZY2B6ML/ref=sr_1_36?dib=eyJ2IjoiMSJ9.w7f-qeJD-lTn1Fj4VcxOUlzYGigNaRlgiL9weyIn9FF5RmHtFdsXuHgQFzL2bQTGB0F82xXwLvlo6FODfclaRi-yY_DBR0C51MoAjhNDlP0d839OvliGVdaqQ9pyZhszwxSlZpQcer9FZaCi4SwHk2_HDmQ2sIjDZsAvFbkk_znGUdqxEyVlBCcSJ7PrL7fYkxEF2cJyQKLw_vNCji72IUJ4zYd53xJT5S9hgeaUcX0.31OhLDGCMFTHZFCBsvVCmRGIClm-bYexVVOXZKt7_mY&dib_tag=se&qid=1748434479&s=software&sr=1-36&srs=16225008011&xpid=EqFDzypNPiQe_,https://m.media-amazon.com/images/I/71DKFnyODAL._AC_UY218_.jpg,N/A,N/A,N/A,N/A
B0DCQZT1ST,Adobe Photoshop Elements 2025 | Photo Editing | 3-Year Term License | PC/MAC | Box with Download Code | Activation Required,https://www.amazon.com/Adobe-Photoshop-Elements-Download-Activation/dp/B0DCQZT1ST/ref=sr_1_37?dib=eyJ2IjoiMSJ9.w7f-qeJD-lTn1Fj4VcxOUlzYGigNaRlgiL9weyIn9FF5RmHtFdsXuHgQFzL2bQTGB0F82xXwLvlo6FODfclaRi-yY_DBR0C51MoAjhNDlP0d839OvliGVdaqQ9pyZhszwxSlZpQcer9FZaCi4SwHk2_HDmQ2sIjDZsAvFbkk_znGUdqxEyVlBCcSJ7PrL7fYkxEF2cJyQKLw_vNCji72IUJ4zYd53xJT5S9hgeaUcX0.31OhLDGCMFTHZFCBsvVCmRGIClm-bYexVVOXZKt7_mY&dib_tag=se&qid=1748434479&s=software&sr=1-37&srs=16225008011&xpid=EqFDzypNPiQe_,https://m.media-amazon.com/images/I/71tXYYKpynL._AC_UY218_.jpg,3.8 out of 5 stars,149,$99.99,Delivery Jun 30 - Jul 16
B0CRVT3L1Z,"TrulyOffice 2024 Student Lifetime License for Windows | 3 in 1 All Access TrulyOffice Suite | Words, Sheets, Slides | 2 Users | Physical Activation Card",https://www.amazon.com/TrulyOffice-Student-Lifetime-Physical-Activation/dp/B0CRVT3L1Z/ref=sr_1_38?dib=eyJ2IjoiMSJ9.w7f-qeJD-lTn1Fj4VcxOUlzYGigNaRlgiL9weyIn9FF5RmHtFdsXuHgQFzL2bQTGB0F82xXwLvlo6FODfclaRi-yY_DBR0C51MoAjhNDlP0d839OvliGVdaqQ9pyZhszwxSlZpQcer9FZaCi4SwHk2_HDmQ2sIjDZsAvFbkk_znGUdqxEyVlBCcSJ7PrL7fYkxEF2cJyQKLw_vNCji72IUJ4zYd53xJT5S9hgeaUcX0.31OhLDGCMFTHZFCBsvVCmRGIClm-bYexVVOXZKt7_mY&dib_tag=se&qid=1748434479&s=software&sr=1-38&srs=16225008011&xpid=EqFDzypNPiQe_,https://m.media-amazon.com/images/I/71mpkhqlVLL._AC_UY218_.jpg,3.5 out of 5 stars,59,$54.99,N/A
B07YMQ9WHQ,"Recovery, Repair & Re-install disc compatible with MS Win 10 32/64 bit",https://www.amazon.com/Recovery-Re-install-compatible-Versions-Windows/dp/B07YMQ9WHQ/ref=sr_1_39?dib=eyJ2IjoiMSJ9.w7f-qeJD-lTn1Fj4VcxOUlzYGigNaRlgiL9weyIn9FF5RmHtFdsXuHgQFzL2bQTGB0F82xXwLvlo6FODfclaRi-yY_DBR0C51MoAjhNDlP0d839OvliGVdaqQ9pyZhszwxSlZpQcer9FZaCi4SwHk2_HDmQ2sIjDZsAvFbkk_znGUdqxEyVlBCcSJ7PrL7fYkxEF2cJyQKLw_vNCji72IUJ4zYd53xJT5S9hgeaUcX0.31OhLDGCMFTHZFCBsvVCmRGIClm-bYexVVOXZKt7_mY&dib_tag=se&qid=1748434479&s=software&sr=1-39&srs=16225008011&xpid=EqFDzypNPiQe_,https://m.media-amazon.com/images/I/91tmdH0dBdL._AC_UY218_.jpg,3.7 out of 5 stars,824,$16.00,Delivery Jun 30 - Jul 16
B097C7SVK8,"Office Suite 2025 Home & Student Premium | Open Word Processor, Spreadsheet, Presentation, Accounting, and Professional Software for Mac & Windows PC",https://www.amazon.com/Processor-Spreadsheet-Presentation-Professional-Software/dp/B097C7SVK8/ref=sr_1_40?dib=eyJ2IjoiMSJ9.w7f-qeJD-lTn1Fj4VcxOUlzYGigNaRlgiL9weyIn9FF5RmHtFdsXuHgQFzL2bQTGB0F82xXwLvlo6FODfclaRi-yY_DBR0C51MoAjhNDlP0d839OvliGVdaqQ9pyZhszwxSlZpQcer9FZaCi4SwHk2_HDmQ2sIjDZsAvFbkk_znGUdqxEyVlBCcSJ7PrL7fYkxEF2cJyQKLw_vNCji72IUJ4zYd53xJT5S9hgeaUcX0.31OhLDGCMFTHZFCBsvVCmRGIClm-bYexVVOXZKt7_mY&dib_tag=se&qid=1748434479&s=software&sr=1-40&srs=16225008011&xpid=EqFDzypNPiQe_,https://m.media-amazon.com/images/I/71i+izU6FaL._AC_UY218_.jpg,4.0 out of 5 stars,589,$22.95,Delivery Jun 30 - Jul 16
B0CTTLPHM2,"DVD For Windows Emergency Boot Disk For Windows 98, 2000, XP, Vista, 7, 10 PC Repair DVD All in One Tool (Latest Version)",https://www.amazon.com/Windows-Emergency-Repair-Latest-Version/dp/B0CTTLPHM2/ref=sr_1_41?dib=eyJ2IjoiMSJ9.w7f-qeJD-lTn1Fj4VcxOUlzYGigNaRlgiL9weyIn9FF5RmHtFdsXuHgQFzL2bQTGB0F82xXwLvlo6FODfclaRi-yY_DBR0C51MoAjhNDlP0d839OvliGVdaqQ9pyZhszwxSlZpQcer9FZaCi4SwHk2_HDmQ2sIjDZsAvFbkk_znGUdqxEyVlBCcSJ7PrL7fYkxEF2cJyQKLw_vNCji72IUJ4zYd53xJT5S9hgeaUcX0.31OhLDGCMFTHZFCBsvVCmRGIClm-bYexVVOXZKt7_mY&dib_tag=se&qid=1748434479&s=software&sr=1-41&srs=16225008011&xpid=EqFDzypNPiQe_,https://m.media-amazon.com/images/I/61CQVQto2gL._AC_UY218_.jpg,3.2 out of 5 stars,108,$13.88,N/A
B0DDVTS1QB,CyberLink PowerDirector 2025 Ultra | Easy AI Video Editing | Easy-to-Use Video Editing Software for Windows With Visual Effects | Slideshow Maker | Screen Recorder | Box with Download Code,https://www.amazon.com/CyberLink-PowerDirector-Software-Slideshow-Recorder/dp/B0DDVTS1QB/ref=sr_1_42?dib=eyJ2IjoiMSJ9.w7f-qeJD-lTn1Fj4VcxOUlzYGigNaRlgiL9weyIn9FF5RmHtFdsXuHgQFzL2bQTGB0F82xXwLvlo6FODfclaRi-yY_DBR0C51MoAjhNDlP0d839OvliGVdaqQ9pyZhszwxSlZpQcer9FZaCi4SwHk2_HDmQ2sIjDZsAvFbkk_znGUdqxEyVlBCcSJ7PrL7fYkxEF2cJyQKLw_vNCji72IUJ4zYd53xJT5S9hgeaUcX0.31OhLDGCMFTHZFCBsvVCmRGIClm-bYexVVOXZKt7_mY&dib_tag=se&qid=1748434479&s=software&sr=1-42&srs=16225008011&xpid=EqFDzypNPiQe_,https://m.media-amazon.com/images/I/71LCE0nhXbL._AC_UY218_.jpg,3.8 out of 5 stars,18,$79.99,Delivery Jun 30 - Jul 16
B07WNS4YHX,"CodaKid Roblox Coding, Award-Winning, Coding for Kids, Ages 9+ with Online Mentoring Assistance, Learn Computer Programming and Code Fun Games with Lua and Video Game Programming Software (PC & Mac)",https://www.amazon.com/Award-Winning-Mentoring-Assistance-Computer-Programming/dp/B07WNS4YHX/ref=sr_1_43?dib=eyJ2IjoiMSJ9.w7f-qeJD-lTn1Fj4VcxOUlzYGigNaRlgiL9weyIn9FF5RmHtFdsXuHgQFzL2bQTGB0F82xXwLvlo6FODfclaRi-yY_DBR0C51MoAjhNDlP0d839OvliGVdaqQ9pyZhszwxSlZpQcer9FZaCi4SwHk2_HDmQ2sIjDZsAvFbkk_znGUdqxEyVlBCcSJ7PrL7fYkxEF2cJyQKLw_vNCji72IUJ4zYd53xJT5S9hgeaUcX0.31OhLDGCMFTHZFCBsvVCmRGIClm-bYexVVOXZKt7_mY&dib_tag=se&qid=1748434479&s=software&sr=1-43&srs=16225008011&xpid=EqFDzypNPiQe_,https://m.media-amazon.com/images/I/61B4sfPdZRL._AC_UY218_.jpg,3.9 out of 5 stars,365,$59.00,Delivery Aug 12 - 22
B07F2N4VW1,Hallmark Card Studio-- New Version,https://www.amazon.com/Nova-Development-US-Hallmark-Studio/dp/B07F2N4VW1/ref=sr_1_44?dib=eyJ2IjoiMSJ9.w7f-qeJD-lTn1Fj4VcxOUlzYGigNaRlgiL9weyIn9FF5RmHtFdsXuHgQFzL2bQTGB0F82xXwLvlo6FODfclaRi-yY_DBR0C51MoAjhNDlP0d839OvliGVdaqQ9pyZhszwxSlZpQcer9FZaCi4SwHk2_HDmQ2sIjDZsAvFbkk_znGUdqxEyVlBCcSJ7PrL7fYkxEF2cJyQKLw_vNCji72IUJ4zYd53xJT5S9hgeaUcX0.31OhLDGCMFTHZFCBsvVCmRGIClm-bYexVVOXZKt7_mY&dib_tag=se&qid=1748434479&s=software&sr=1-44&srs=16225008011&xpid=EqFDzypNPiQe_,https://m.media-amazon.com/images/I/71ayTwmS7eL._AC_UY218_.jpg,4.1 out of 5 stars,"1,422",$29.99,Delivery Jun 30 - Jul 16
B00EAS14KI,Corel Dazzle Dvd Recorder Hd Video Capture Device + Video Editing Software [Pc Disc],https://www.amazon.com/Dazzle-DVD-Recorder-VHS-Converter/dp/B00EAS14KI/ref=sr_1_45?dib=eyJ2IjoiMSJ9.w7f-qeJD-lTn1Fj4VcxOUlzYGigNaRlgiL9weyIn9FF5RmHtFdsXuHgQFzL2bQTGB0F82xXwLvlo6FODfclaRi-yY_DBR0C51MoAjhNDlP0d839OvliGVdaqQ9pyZhszwxSlZpQcer9FZaCi4SwHk2_HDmQ2sIjDZsAvFbkk_znGUdqxEyVlBCcSJ7PrL7fYkxEF2cJyQKLw_vNCji72IUJ4zYd53xJT5S9hgeaUcX0.31OhLDGCMFTHZFCBsvVCmRGIClm-bYexVVOXZKt7_mY&dib_tag=se&qid=1748434479&s=software&sr=1-45&srs=16225008011&xpid=EqFDzypNPiQe_,https://m.media-amazon.com/images/I/61KdP+KMhJL._AC_UY218_.jpg,3.4 out of 5 stars,"1,674",$49.00,Delivery Jun 30 - Jul 16
B086HHBD3C,Burnout Paradise Remastered Switch Edition (Nintendo Switch),https://www.amazon.com/Burnout-Paradise-Remastered-Switch-Nintendo/dp/B086HHBD3C/ref=sr_1_46?dib=eyJ2IjoiMSJ9.w7f-qeJD-lTn1Fj4VcxOUlzYGigNaRlgiL9weyIn9FF5RmHtFdsXuHgQFzL2bQTGB0F82xXwLvlo6FODfclaRi-yY_DBR0C51MoAjhNDlP0d839OvliGVdaqQ9pyZhszwxSlZpQcer9FZaCi4SwHk2_HDmQ2sIjDZsAvFbkk_znGUdqxEyVlBCcSJ7PrL7fYkxEF2cJyQKLw_vNCji72IUJ4zYd53xJT5S9hgeaUcX0.31OhLDGCMFTHZFCBsvVCmRGIClm-bYexVVOXZKt7_mY&dib_tag=se&qid=1748434479&s=software&sr=1-46&srs=16225008011&xpid=EqFDzypNPiQe_,https://m.media-amazon.com/images/I/71wsFJhzvrL._AC_UY218_.jpg,4.6 out of 5 stars,"1,165",$23.50,Delivery Jun 30 - Jul 16
B0D7TT8K61,"Office Suite Newest 2025 on DVD Great Alternative to MS Office - for School, Home, or Business - compatible with Word, Excel, PowerPoint - for Windows 11 10 8 7 Vista & macOS 10.7 to 10.15",https://www.amazon.com/Office-Suite-Newest-Great-Alternative/dp/B0D7TT8K61/ref=sr_1_47?dib=eyJ2IjoiMSJ9.w7f-qeJD-lTn1Fj4VcxOUlzYGigNaRlgiL9weyIn9FF5RmHtFdsXuHgQFzL2bQTGB0F82xXwLvlo6FODfclaRi-yY_DBR0C51MoAjhNDlP0d839OvliGVdaqQ9pyZhszwxSlZpQcer9FZaCi4SwHk2_HDmQ2sIjDZsAvFbkk_znGUdqxEyVlBCcSJ7PrL7fYkxEF2cJyQKLw_vNCji72IUJ4zYd53xJT5S9hgeaUcX0.31OhLDGCMFTHZFCBsvVCmRGIClm-bYexVVOXZKt7_mY&dib_tag=se&qid=1748434479&s=software&sr=1-47&srs=16225008011&xpid=EqFDzypNPiQe_,https://m.media-amazon.com/images/I/71N0JmKD2tL._AC_UY218_.jpg,4.0 out of 5 stars,41,$16.99,N/A
B07ZTLT4DY,"Malwarebytes Premium Software | 5 Device 1 Year (Windows, Mac OS, Android, Apple iOS, Chrome) [software_key_card]",https://www.amazon.com/Malwarebytes-Premium-Version-Android-software_key_card/dp/B07ZTLT4DY/ref=sr_1_48?dib=eyJ2IjoiMSJ9.w7f-qeJD-lTn1Fj4VcxOUlzYGigNaRlgiL9weyIn9FF5RmHtFdsXuHgQFzL2bQTGB0F82xXwLvlo6FODfclaRi-yY_DBR0C51MoAjhNDlP0d839OvliGVdaqQ9pyZhszwxSlZpQcer9FZaCi4SwHk2_HDmQ2sIjDZsAvFbkk_znGUdqxEyVlBCcSJ7PrL7fYkxEF2cJyQKLw_vNCji72IUJ4zYd53xJT5S9hgeaUcX0.31OhLDGCMFTHZFCBsvVCmRGIClm-bYexVVOXZKt7_mY&dib_tag=se&qid=1748434479&s=software&sr=1-48&srs=16225008011&xpid=EqFDzypNPiQe_,https://m.media-amazon.com/images/I/71Twsrs0ITL._AC_UY218_.jpg,4.1 out of 5 stars,333,$49.99,N/A
B0CGTCFQFY,"Quicken Classic Premier, Personal Finance Software - Optimize investments & future plans - 1 Year Subscription (Windows/Mac) [Key Card]",https://www.amazon.com/Quicken-Classic-Premier-Personal-Software/dp/B0CGTCFQFY/ref=sr_1_49?dib=eyJ2IjoiMSJ9.XlE6YEFO9qCUSd7PftgNPIRanybD2NOioNVnsEPjMRpLWWfwBu0D5p2mDZjmYhydwIfqvNSxJ0l-2VI8Kk74oddxpRMHixG3q8zXLfkJ0V1YszX9uzJn_kqPMN3sS5B8e7-RugTZJAbbJxDIDRFc93OueO57KiUJKDWlsS5vhO1X_D6-IkNMdSmapZ2zcWT-6s7UdIhl0sr5Dh7rIBA5az_F8qBg5GPmrZBWyZUM0ck.TSMngFAEZVQ37Y78d7AKfP4Z85Zud7XB5QMXwO7McHQ&dib_tag=se&qid=1748434485&s=software&sr=1-49&srs=16225008011&xpid=EqFDzypNPiQe_,https://m.media-amazon.com/images/I/61bv0FA7SnL._AC_UY218_.jpg,4.1 out of 5 stars,37,$86.88,N/A
B00269D9LU,MyInvoices & Estimates Deluxe,https://www.amazon.com/Avanquest-10061-MyInvoices-Estimates-Deluxe/dp/B00269D9LU/ref=sr_1_50?dib=eyJ2IjoiMSJ9.XlE6YEFO9qCUSd7PftgNPIRanybD2NOioNVnsEPjMRpLWWfwBu0D5p2mDZjmYhydwIfqvNSxJ0l-2VI8Kk74oddxpRMHixG3q8zXLfkJ0V1YszX9uzJn_kqPMN3sS5B8e7-RugTZJAbbJxDIDRFc93OueO57KiUJKDWlsS5vhO1X_D6-IkNMdSmapZ2zcWT-6s7UdIhl0sr5Dh7rIBA5az_F8qBg5GPmrZBWyZUM0ck.TSMngFAEZVQ37Y78d7AKfP4Z85Zud7XB5QMXwO7McHQ&dib_tag=se&qid=1748434485&s=software&sr=1-50&srs=16225008011&xpid=EqFDzypNPiQe_,https://m.media-amazon.com/images/I/71Op9ehMMvL._AC_UY218_.jpg,3.8 out of 5 stars,416,$29.79,N/A
B06WP73RDN,"GIMP Photo Editor 2025 on CD Disc | Premium Professional Image Editing Software Compatible with Windows 11 10 8.1 8 7 Vista XP PC 32 & 64-Bit, Mac & Linux | Lifetime Licence & No Monthly Subscription",https://www.amazon.com/Premium-Professional-Editing-Software-Windows/dp/B06WP73RDN/ref=sr_1_51?dib=eyJ2IjoiMSJ9.XlE6YEFO9qCUSd7PftgNPIRanybD2NOioNVnsEPjMRpLWWfwBu0D5p2mDZjmYhydwIfqvNSxJ0l-2VI8Kk74oddxpRMHixG3q8zXLfkJ0V1YszX9uzJn_kqPMN3sS5B8e7-RugTZJAbbJxDIDRFc93OueO57KiUJKDWlsS5vhO1X_D6-IkNMdSmapZ2zcWT-6s7UdIhl0sr5Dh7rIBA5az_F8qBg5GPmrZBWyZUM0ck.TSMngFAEZVQ37Y78d7AKfP4Z85Zud7XB5QMXwO7McHQ&dib_tag=se&qid=1748434485&s=software&sr=1-51&srs=16225008011&xpid=EqFDzypNPiQe_,https://m.media-amazon.com/images/I/61Mw9zor+ML._AC_UY218_.jpg,3.4 out of 5 stars,809,$19.99,Delivery Aug 12 - 22
B0C46GX5J4,"Video and Audio Downloader PRO 2 software for YouTube – download your favorite YouTube videos as MP4 video or MP3 audio – compatible with Windows 11, 10, 8",https://www.amazon.com/Video-Audio-Downloader-software-YouTube/dp/B0C46GX5J4/ref=sr_1_52?dib=eyJ2IjoiMSJ9.XlE6YEFO9qCUSd7PftgNPIRanybD2NOioNVnsEPjMRpLWWfwBu0D5p2mDZjmYhydwIfqvNSxJ0l-2VI8Kk74oddxpRMHixG3q8zXLfkJ0V1YszX9uzJn_kqPMN3sS5B8e7-RugTZJAbbJxDIDRFc93OueO57KiUJKDWlsS5vhO1X_D6-IkNMdSmapZ2zcWT-6s7UdIhl0sr5Dh7rIBA5az_F8qBg5GPmrZBWyZUM0ck.TSMngFAEZVQ37Y78d7AKfP4Z85Zud7XB5QMXwO7McHQ&dib_tag=se&qid=1748434485&s=software&sr=1-52&srs=16225008011&xpid=EqFDzypNPiQe_,https://m.media-amazon.com/images/I/71DCRNo0Z0L._AC_UY218_.jpg,3.4 out of 5 stars,226,$19.99,N/A
B092JPRYXL,"Music Software Bundle for Recording, Editing, Beat Making & Production - DAW, VST Audio Plugins, Sounds for Mac & Windows PC",https://www.amazon.com/Software-Bundle-Recording-Editing-Production/dp/B092JPRYXL/ref=sr_1_53?dib=eyJ2IjoiMSJ9.XlE6YEFO9qCUSd7PftgNPIRanybD2NOioNVnsEPjMRpLWWfwBu0D5p2mDZjmYhydwIfqvNSxJ0l-2VI8Kk74oddxpRMHixG3q8zXLfkJ0V1YszX9uzJn_kqPMN3sS5B8e7-RugTZJAbbJxDIDRFc93OueO57KiUJKDWlsS5vhO1X_D6-IkNMdSmapZ2zcWT-6s7UdIhl0sr5Dh7rIBA5az_F8qBg5GPmrZBWyZUM0ck.TSMngFAEZVQ37Y78d7AKfP4Z85Zud7XB5QMXwO7McHQ&dib_tag=se&qid=1748434485&s=software&sr=1-53&srs=16225008011&xpid=EqFDzypNPiQe_,https://m.media-amazon.com/images/I/81qVZNkHaJL._AC_UY218_.jpg,3.8 out of 5 stars,822,$24.95,N/A
B09F7K55F8,Roxio Creator NXT Pro 9 | Multimedia Suite + Photo Editor and CD/DVD Disc Burning Software [PC Disc],https://www.amazon.com/Creator-Multimedia-Editor-Burning-Software/dp/B09F7K55F8/ref=sr_1_54?dib=eyJ2IjoiMSJ9.XlE6YEFO9qCUSd7PftgNPIRanybD2NOioNVnsEPjMRpLWWfwBu0D5p2mDZjmYhydwIfqvNSxJ0l-2VI8Kk74oddxpRMHixG3q8zXLfkJ0V1YszX9uzJn_kqPMN3sS5B8e7-RugTZJAbbJxDIDRFc93OueO57KiUJKDWlsS5vhO1X_D6-IkNMdSmapZ2zcWT-6s7UdIhl0sr5Dh7rIBA5az_F8qBg5GPmrZBWyZUM0ck.TSMngFAEZVQ37Y78d7AKfP4Z85Zud7XB5QMXwO7McHQ&dib_tag=se&qid=1748434485&s=software&sr=1-54&srs=16225008011&xpid=EqFDzypNPiQe_,https://m.media-amazon.com/images/I/71rtoEWoZtL._AC_UY218_.jpg,3.8 out of 5 stars,109,$79.99,Delivery Jun 30 - Jul 16
B0CQXNY528,Ableton Live 12 Suite,https://www.amazon.com/Ableton-Live-Suite-Edition/dp/B0CQXNY528/ref=sr_1_55?dib=eyJ2IjoiMSJ9.XlE6YEFO9qCUSd7PftgNPIRanybD2NOioNVnsEPjMRpLWWfwBu0D5p2mDZjmYhydwIfqvNSxJ0l-2VI8Kk74oddxpRMHixG3q8zXLfkJ0V1YszX9uzJn_kqPMN3sS5B8e7-RugTZJAbbJxDIDRFc93OueO57KiUJKDWlsS5vhO1X_D6-IkNMdSmapZ2zcWT-6s7UdIhl0sr5Dh7rIBA5az_F8qBg5GPmrZBWyZUM0ck.TSMngFAEZVQ37Y78d7AKfP4Z85Zud7XB5QMXwO7McHQ&dib_tag=se&qid=1748434485&s=software&sr=1-55&srs=16225008011&xpid=EqFDzypNPiQe_,https://m.media-amazon.com/images/I/61Z5GaPq3tL._AC_UY218_.jpg,5.0 out of 5 stars,2,$749.00,Delivery Jun 30 - Jul 16
B07NLJVKJK,Typing Instructor Gold - Typing Training for Kids and Adults to Learn to Type or Improve their Typing Skills - Teaches Keyboard Basics Following One of 20+ Skill-Appropriate Typing Plans - PC - CD,https://www.amazon.com/Typing-Instructor-Gold/dp/B07NLJVKJK/ref=sr_1_56?dib=eyJ2IjoiMSJ9.XlE6YEFO9qCUSd7PftgNPIRanybD2NOioNVnsEPjMRpLWWfwBu0D5p2mDZjmYhydwIfqvNSxJ0l-2VI8Kk74oddxpRMHixG3q8zXLfkJ0V1YszX9uzJn_kqPMN3sS5B8e7-RugTZJAbbJxDIDRFc93OueO57KiUJKDWlsS5vhO1X_D6-IkNMdSmapZ2zcWT-6s7UdIhl0sr5Dh7rIBA5az_F8qBg5GPmrZBWyZUM0ck.TSMngFAEZVQ37Y78d7AKfP4Z85Zud7XB5QMXwO7McHQ&dib_tag=se&qid=1748434485&s=software&sr=1-56&srs=16225008011&xpid=EqFDzypNPiQe_,https://m.media-amazon.com/images/I/818ftDUt98L._AC_UY218_.jpg,4.1 out of 5 stars,122,$23.99,N/A
B0BKFXVV2C,"OfficeSuite Home & Business - Lifetime License - Documents, Sheets, Slides, PDF, Mail & Calendar for Windows | 1 PC | Physical Activation Card",https://www.amazon.com/OfficeSuite-Home-Business-2023-Documents/dp/B0BKFXVV2C/ref=sr_1_57?dib=eyJ2IjoiMSJ9.XlE6YEFO9qCUSd7PftgNPIRanybD2NOioNVnsEPjMRpLWWfwBu0D5p2mDZjmYhydwIfqvNSxJ0l-2VI8Kk74oddxpRMHixG3q8zXLfkJ0V1YszX9uzJn_kqPMN3sS5B8e7-RugTZJAbbJxDIDRFc93OueO57KiUJKDWlsS5vhO1X_D6-IkNMdSmapZ2zcWT-6s7UdIhl0sr5Dh7rIBA5az_F8qBg5GPmrZBWyZUM0ck.TSMngFAEZVQ37Y78d7AKfP4Z85Zud7XB5QMXwO7McHQ&dib_tag=se&qid=1748434485&s=software&sr=1-57&srs=16225008011&xpid=EqFDzypNPiQe_,https://m.media-amazon.com/images/I/61CYCXmy0pL._AC_UY218_.jpg,3.8 out of 5 stars,277,$99.99,N/A
B000I0DBH6,MyAttorney Home & Business,https://www.amazon.com/Avanquest-3732-0-MyAttorney-Home-Business/dp/B000I0DBH6/ref=sr_1_58?dib=eyJ2IjoiMSJ9.XlE6YEFO9qCUSd7PftgNPIRanybD2NOioNVnsEPjMRpLWWfwBu0D5p2mDZjmYhydwIfqvNSxJ0l-2VI8Kk74oddxpRMHixG3q8zXLfkJ0V1YszX9uzJn_kqPMN3sS5B8e7-RugTZJAbbJxDIDRFc93OueO57KiUJKDWlsS5vhO1X_D6-IkNMdSmapZ2zcWT-6s7UdIhl0sr5Dh7rIBA5az_F8qBg5GPmrZBWyZUM0ck.TSMngFAEZVQ37Y78d7AKfP4Z85Zud7XB5QMXwO7McHQ&dib_tag=se&qid=1748434485&s=software&sr=1-58&srs=16225008011&xpid=EqFDzypNPiQe_,https://m.media-amazon.com/images/I/71e0Cyq2DQL._AC_UY218_.jpg,4.2 out of 5 stars,767,$39.95,Delivery Jun 30 - Jul 16
B00EPACO3M,"Nova Development US, Print Artist Platinum 25",https://www.amazon.com/Nova-Development-US-41990-Platinum/dp/B00EPACO3M/ref=sr_1_59?dib=eyJ2IjoiMSJ9.XlE6YEFO9qCUSd7PftgNPIRanybD2NOioNVnsEPjMRpLWWfwBu0D5p2mDZjmYhydwIfqvNSxJ0l-2VI8Kk74oddxpRMHixG3q8zXLfkJ0V1YszX9uzJn_kqPMN3sS5B8e7-RugTZJAbbJxDIDRFc93OueO57KiUJKDWlsS5vhO1X_D6-IkNMdSmapZ2zcWT-6s7UdIhl0sr5Dh7rIBA5az_F8qBg5GPmrZBWyZUM0ck.TSMngFAEZVQ37Y78d7AKfP4Z85Zud7XB5QMXwO7McHQ&dib_tag=se&qid=1748434485&s=software&sr=1-59&srs=16225008011&xpid=EqFDzypNPiQe_,https://m.media-amazon.com/images/I/717tHM7dmoL._AC_UY218_.jpg,3.9 out of 5 stars,"1,289",$34.99,N/A
B0F13Y9WBR,Nero Burning ROM 2025 | The original burning software | CD DVD BluRay | Burn | Copy | Rip | BackUp | Windows 11/10/8/7 | 1 PC,https://www.amazon.com/Nero-Burning-original-burning-software/dp/B0F13Y9WBR/ref=sr_1_60?dib=eyJ2IjoiMSJ9.XlE6YEFO9qCUSd7PftgNPIRanybD2NOioNVnsEPjMRpLWWfwBu0D5p2mDZjmYhydwIfqvNSxJ0l-2VI8Kk74oddxpRMHixG3q8zXLfkJ0V1YszX9uzJn_kqPMN3sS5B8e7-RugTZJAbbJxDIDRFc93OueO57KiUJKDWlsS5vhO1X_D6-IkNMdSmapZ2zcWT-6s7UdIhl0sr5Dh7rIBA5az_F8qBg5GPmrZBWyZUM0ck.TSMngFAEZVQ37Y78d7AKfP4Z85Zud7XB5QMXwO7McHQ&dib_tag=se&qid=1748434485&s=software&sr=1-60&srs=16225008011&xpid=EqFDzypNPiQe_,https://m.media-amazon.com/images/I/51I9rJ705tL._AC_UY218_.jpg,1.0 out of 5 stars,1,$49.95,Delivery Jun 30 - Jul 16
B0DVCFFBZ8,"BeckerCAD 15 3D PRO - for Printing, Home Design, Floor Plan, Architecture, Engineering, Electric and more software compatible with AutoCAD for Win 11, 10, 8",https://www.amazon.com/BeckerCAD-PRO-Architecture-Engineering-compatible/dp/B0DVCFFBZ8/ref=sr_1_61?dib=eyJ2IjoiMSJ9.XlE6YEFO9qCUSd7PftgNPIRanybD2NOioNVnsEPjMRpLWWfwBu0D5p2mDZjmYhydwIfqvNSxJ0l-2VI8Kk74oddxpRMHixG3q8zXLfkJ0V1YszX9uzJn_kqPMN3sS5B8e7-RugTZJAbbJxDIDRFc93OueO57KiUJKDWlsS5vhO1X_D6-IkNMdSmapZ2zcWT-6s7UdIhl0sr5Dh7rIBA5az_F8qBg5GPmrZBWyZUM0ck.TSMngFAEZVQ37Y78d7AKfP4Z85Zud7XB5QMXwO7McHQ&dib_tag=se&qid=1748434485&s=software&sr=1-61&srs=16225008011&xpid=EqFDzypNPiQe_,https://m.media-amazon.com/images/I/81rOgUQOs1L._AC_UY218_.jpg,4.0 out of 5 stars,2,$99.99,N/A
B01N557K0I,Office Suite 2024 Edition CD DVD 100% compatible with Microsoft® Word® and Excel® for Windows 11-10-8-7-Vista-XP,https://www.amazon.com/Premium-compatible-Microsoft%C2%AE-Windows-10-8-7-Vista-XP/dp/B01N557K0I/ref=sr_1_62?dib=eyJ2IjoiMSJ9.XlE6YEFO9qCUSd7PftgNPIRanybD2NOioNVnsEPjMRpLWWfwBu0D5p2mDZjmYhydwIfqvNSxJ0l-2VI8Kk74oddxpRMHixG3q8zXLfkJ0V1YszX9uzJn_kqPMN3sS5B8e7-RugTZJAbbJxDIDRFc93OueO57KiUJKDWlsS5vhO1X_D6-IkNMdSmapZ2zcWT-6s7UdIhl0sr5Dh7rIBA5az_F8qBg5GPmrZBWyZUM0ck.TSMngFAEZVQ37Y78d7AKfP4Z85Zud7XB5QMXwO7McHQ&dib_tag=se&qid=1748434485&s=software&sr=1-62&srs=16225008011&xpid=EqFDzypNPiQe_,https://m.media-amazon.com/images/I/71cfxlTwe5L._AC_UY218_.jpg,3.9 out of 5 stars,"1,505",$12.99,N/A
B0DP7KMW47,Microsoft Windows Server 2025 Standard Edition - License - 5 User CAL,https://www.amazon.com/Microsoft-Windows-Server-2025-Standard/dp/B0DP7KMW47/ref=sr_1_63?dib=eyJ2IjoiMSJ9.XlE6YEFO9qCUSd7PftgNPIRanybD2NOioNVnsEPjMRpLWWfwBu0D5p2mDZjmYhydwIfqvNSxJ0l-2VI8Kk74oddxpRMHixG3q8zXLfkJ0V1YszX9uzJn_kqPMN3sS5B8e7-RugTZJAbbJxDIDRFc93OueO57KiUJKDWlsS5vhO1X_D6-IkNMdSmapZ2zcWT-6s7UdIhl0sr5Dh7rIBA5az_F8qBg5GPmrZBWyZUM0ck.TSMngFAEZVQ37Y78d7AKfP4Z85Zud7XB5QMXwO7McHQ&dib_tag=se&qid=1748434485&s=software&sr=1-63&srs=16225008011&xpid=EqFDzypNPiQe_,https://m.media-amazon.com/images/I/31wZ6CJuAlL._AC_UY218_.jpg,N/A,N/A,$252.99,N/A
B0CH3R9TVY,SAGE 50 PRO ACCOUNTING 2024 U.S. 1-USER 1-YEAR SUBSCRIPTION,https://www.amazon.com/SAGE-ACCOUNTING-1-USER-1-YEAR-SUBSCRIPTION/dp/B0CH3R9TVY/ref=sr_1_64?dib=eyJ2IjoiMSJ9.XlE6YEFO9qCUSd7PftgNPIRanybD2NOioNVnsEPjMRpLWWfwBu0D5p2mDZjmYhydwIfqvNSxJ0l-2VI8Kk74oddxpRMHixG3q8zXLfkJ0V1YszX9uzJn_kqPMN3sS5B8e7-RugTZJAbbJxDIDRFc93OueO57KiUJKDWlsS5vhO1X_D6-IkNMdSmapZ2zcWT-6s7UdIhl0sr5Dh7rIBA5az_F8qBg5GPmrZBWyZUM0ck.TSMngFAEZVQ37Y78d7AKfP4Z85Zud7XB5QMXwO7McHQ&dib_tag=se&qid=1748434485&s=software&sr=1-64&srs=16225008011&xpid=EqFDzypNPiQe_,https://m.media-amazon.com/images/I/517RMPEJd4L._AC_UY218_.jpg,4.1 out of 5 stars,6,$280.49,N/A
B001F0J6ZE,Bookkeeper: Easily Manage Your Business Finances,https://www.amazon.com/Bookkeeper-Easily-Manage-Business-Finances/dp/B001F0J6ZE/ref=sr_1_65?dib=eyJ2IjoiMSJ9.nscGUyx7KkGUGBQJcMN8XbQcskz7SL_3dmcAHhnojLFPDRqHBzLe2YncvCP2ucZO5tkDEaz-HAWsT8d9CInbId9F1I65DbWCSh8DmQaY0NG-ZHtP4yXqHhDJqdp_bryveWvAR4T67LW-xbs_saTsulfeOCOkqf_Ra2bUcUNM0sglnVQ_AweEoqCUZe4BBgRW1Yo-HuFq--VS8SReZdGLga0E4g4n0yN2xzIzFIochuc.NDLwreVEtTqFZqRXlGpsfrZPPrOoAEq6foIEqxZStP8&dib_tag=se&qid=1748434492&s=software&sr=1-65&srs=16225008011&xpid=EqFDzypNPiQe_,https://m.media-amazon.com/images/I/71PMCwzT0mL._AC_UY218_.jpg,3.4 out of 5 stars,447,$38.46,Delivery Jul 14 - 24
B08VWWZ5GS,Intuit Turbotax Desktop Deluxe 2020,https://www.amazon.com/Intuit-Turbotax-Desktop-Deluxe-2020/dp/B08VWWZ5GS/ref=sr_1_66?dib=eyJ2IjoiMSJ9.nscGUyx7KkGUGBQJcMN8XbQcskz7SL_3dmcAHhnojLFPDRqHBzLe2YncvCP2ucZO5tkDEaz-HAWsT8d9CInbId9F1I65DbWCSh8DmQaY0NG-ZHtP4yXqHhDJqdp_bryveWvAR4T67LW-xbs_saTsulfeOCOkqf_Ra2bUcUNM0sglnVQ_AweEoqCUZe4BBgRW1Yo-HuFq--VS8SReZdGLga0E4g4n0yN2xzIzFIochuc.NDLwreVEtTqFZqRXlGpsfrZPPrOoAEq6foIEqxZStP8&dib_tag=se&qid=1748434492&s=software&sr=1-66&srs=16225008011&xpid=EqFDzypNPiQe_,https://m.media-amazon.com/images/I/51c-63kMn3L._AC_UY218_.jpg,3.9 out of 5 stars,344,$44.94,N/A
B07CDKT5GH,Home Designer Suite,https://www.amazon.com/Chief-Architect-Home-Designer-Suite/dp/B07CDKT5GH/ref=sr_1_67?dib=eyJ2IjoiMSJ9.nscGUyx7KkGUGBQJcMN8XbQcskz7SL_3dmcAHhnojLFPDRqHBzLe2YncvCP2ucZO5tkDEaz-HAWsT8d9CInbId9F1I65DbWCSh8DmQaY0NG-ZHtP4yXqHhDJqdp_bryveWvAR4T67LW-xbs_saTsulfeOCOkqf_Ra2bUcUNM0sglnVQ_AweEoqCUZe4BBgRW1Yo-HuFq--VS8SReZdGLga0E4g4n0yN2xzIzFIochuc.NDLwreVEtTqFZqRXlGpsfrZPPrOoAEq6foIEqxZStP8&dib_tag=se&qid=1748434492&s=software&sr=1-67&srs=16225008011&xpid=EqFDzypNPiQe_,https://m.media-amazon.com/images/I/81P0G-egUKL._AC_UY218_.jpg,3.8 out of 5 stars,163,$129.99,N/A
B09SDXSCJQ,"Hiren's Boot CD USB NEW 2024 Edition PE x64 bit Software Repair Tools Suite Hirens Boot Latest Version 16.3 Best PC Computer Repair Recovery Win 7, 8, 8.1 and 10 DVD and USB",https://www.amazon.com/Hirens-Software-Version-Computer-Recovery/dp/B09SDXSCJQ/ref=sr_1_68?dib=eyJ2IjoiMSJ9.nscGUyx7KkGUGBQJcMN8XbQcskz7SL_3dmcAHhnojLFPDRqHBzLe2YncvCP2ucZO5tkDEaz-HAWsT8d9CInbId9F1I65DbWCSh8DmQaY0NG-ZHtP4yXqHhDJqdp_bryveWvAR4T67LW-xbs_saTsulfeOCOkqf_Ra2bUcUNM0sglnVQ_AweEoqCUZe4BBgRW1Yo-HuFq--VS8SReZdGLga0E4g4n0yN2xzIzFIochuc.NDLwreVEtTqFZqRXlGpsfrZPPrOoAEq6foIEqxZStP8&dib_tag=se&qid=1748434492&s=software&sr=1-68&srs=16225008011&xpid=EqFDzypNPiQe_,https://m.media-amazon.com/images/I/612sgoQW5TL._AC_UY218_.jpg,3.9 out of 5 stars,75,$24.95,Delivery Jun 30 - Jul 16
B07BVB3PV9,Home Designer Architectural,https://www.amazon.com/Chief-Architect-Home-Designer-Architectural/dp/B07BVB3PV9/ref=sr_1_69?dib=eyJ2IjoiMSJ9.nscGUyx7KkGUGBQJcMN8XbQcskz7SL_3dmcAHhnojLFPDRqHBzLe2YncvCP2ucZO5tkDEaz-HAWsT8d9CInbId9F1I65DbWCSh8DmQaY0NG-ZHtP4yXqHhDJqdp_bryveWvAR4T67LW-xbs_saTsulfeOCOkqf_Ra2bUcUNM0sglnVQ_AweEoqCUZe4BBgRW1Yo-HuFq--VS8SReZdGLga0E4g4n0yN2xzIzFIochuc.NDLwreVEtTqFZqRXlGpsfrZPPrOoAEq6foIEqxZStP8&dib_tag=se&qid=1748434492&s=software&sr=1-69&srs=16225008011&xpid=EqFDzypNPiQe_,https://m.media-amazon.com/images/I/81EeBEQjGnL._AC_UY218_.jpg,3.9 out of 5 stars,78,$249.99,Delivery Aug 12 - 22
B08NGYG1FG,"LibreOffice Office Suite 2025 on USB | Compatible with Microsoft Office Word, Excel & PowerPoint for Home Student Business | One Time Purchase, Lifetime License & Free Updates | Windows PC & Mac",https://www.amazon.com/LibreOffice-Professional-Compatible-Microsoft-Software/dp/B08NGYG1FG/ref=sr_1_70?dib=eyJ2IjoiMSJ9.nscGUyx7KkGUGBQJcMN8XbQcskz7SL_3dmcAHhnojLFPDRqHBzLe2YncvCP2ucZO5tkDEaz-HAWsT8d9CInbId9F1I65DbWCSh8DmQaY0NG-ZHtP4yXqHhDJqdp_bryveWvAR4T67LW-xbs_saTsulfeOCOkqf_Ra2bUcUNM0sglnVQ_AweEoqCUZe4BBgRW1Yo-HuFq--VS8SReZdGLga0E4g4n0yN2xzIzFIochuc.NDLwreVEtTqFZqRXlGpsfrZPPrOoAEq6foIEqxZStP8&dib_tag=se&qid=1748434492&s=software&sr=1-70&srs=16225008011&xpid=EqFDzypNPiQe_,https://m.media-amazon.com/images/I/51gteU0Y9jL._AC_UY218_.jpg,3.6 out of 5 stars,267,$19.99,Delivery Jun 30 - Jul 16
B000VYIUJS,Jump Start 2nd Grade,https://www.amazon.com/Knowledge-Adventure-JUMP2NDJC-Start-Grade/dp/B000VYIUJS/ref=sr_1_71?dib=eyJ2IjoiMSJ9.nscGUyx7KkGUGBQJcMN8XbQcskz7SL_3dmcAHhnojLFPDRqHBzLe2YncvCP2ucZO5tkDEaz-HAWsT8d9CInbId9F1I65DbWCSh8DmQaY0NG-ZHtP4yXqHhDJqdp_bryveWvAR4T67LW-xbs_saTsulfeOCOkqf_Ra2bUcUNM0sglnVQ_AweEoqCUZe4BBgRW1Yo-HuFq--VS8SReZdGLga0E4g4n0yN2xzIzFIochuc.NDLwreVEtTqFZqRXlGpsfrZPPrOoAEq6foIEqxZStP8&dib_tag=se&qid=1748434492&s=software&sr=1-71&srs=16225008011&xpid=EqFDzypNPiQe_,https://m.media-amazon.com/images/I/71Z6WJ4uCKL._AC_UY218_.jpg,4.0 out of 5 stars,321,$17.95,Delivery Jun 30 - Jul 16
B0CGT5GL4J,"Quicken Classic Business & Personal Finance Software - Business, rental & personal finances - 1 Year Subscription (Windows) [Key Card]",https://www.amazon.com/Quicken-Classic-Business-Personal-Software/dp/B0CGT5GL4J/ref=sr_1_72?dib=eyJ2IjoiMSJ9.nscGUyx7KkGUGBQJcMN8XbQcskz7SL_3dmcAHhnojLFPDRqHBzLe2YncvCP2ucZO5tkDEaz-HAWsT8d9CInbId9F1I65DbWCSh8DmQaY0NG-ZHtP4yXqHhDJqdp_bryveWvAR4T67LW-xbs_saTsulfeOCOkqf_Ra2bUcUNM0sglnVQ_AweEoqCUZe4BBgRW1Yo-HuFq--VS8SReZdGLga0E4g4n0yN2xzIzFIochuc.NDLwreVEtTqFZqRXlGpsfrZPPrOoAEq6foIEqxZStP8&dib_tag=se&qid=1748434492&s=software&sr=1-72&srs=16225008011&xpid=EqFDzypNPiQe_,https://m.media-amazon.com/images/I/61CQZtqYZiL._AC_UY218_.jpg,3.6 out of 5 stars,31,N/A,N/A
B07BW96G87,Nero Burn Express 4 | Burn CD DVD Bluray | Copy | Rip | Convert | Backup | Protect | 1 PC | Windows 10 / 8 / 7,https://www.amazon.com/Nero-Burn-Express-Version-4/dp/B07BW96G87/ref=sr_1_73?dib=eyJ2IjoiMSJ9.nscGUyx7KkGUGBQJcMN8XbQcskz7SL_3dmcAHhnojLFPDRqHBzLe2YncvCP2ucZO5tkDEaz-HAWsT8d9CInbId9F1I65DbWCSh8DmQaY0NG-ZHtP4yXqHhDJqdp_bryveWvAR4T67LW-xbs_saTsulfeOCOkqf_Ra2bUcUNM0sglnVQ_AweEoqCUZe4BBgRW1Yo-HuFq--VS8SReZdGLga0E4g4n0yN2xzIzFIochuc.NDLwreVEtTqFZqRXlGpsfrZPPrOoAEq6foIEqxZStP8&dib_tag=se&qid=1748434492&s=software&sr=1-73&srs=16225008011&xpid=EqFDzypNPiQe_,https://m.media-amazon.com/images/I/71GC1TqNnqL._AC_UY218_.jpg,3.3 out of 5 stars,387,$29.99,Delivery Jun 30 - Jul 16
B0B5T391XC,Corel PaintShop Pro 2023 | Powerful Photo Editing & Graphic Design Software [PC Key Card],https://www.amazon.com/Corel-PaintShop-Powerful-Editing-Software/dp/B0B5T391XC/ref=sr_1_74?dib=eyJ2IjoiMSJ9.nscGUyx7KkGUGBQJcMN8XbQcskz7SL_3dmcAHhnojLFPDRqHBzLe2YncvCP2ucZO5tkDEaz-HAWsT8d9CInbId9F1I65DbWCSh8DmQaY0NG-ZHtP4yXqHhDJqdp_bryveWvAR4T67LW-xbs_saTsulfeOCOkqf_Ra2bUcUNM0sglnVQ_AweEoqCUZe4BBgRW1Yo-HuFq--VS8SReZdGLga0E4g4n0yN2xzIzFIochuc.NDLwreVEtTqFZqRXlGpsfrZPPrOoAEq6foIEqxZStP8&dib_tag=se&qid=1748434492&s=software&sr=1-74&srs=16225008011&xpid=EqFDzypNPiQe_,https://m.media-amazon.com/images/I/71-+wlaF+bL._AC_UY218_.jpg,3.8 out of 5 stars,166,$63.99,Delivery Jun 30 - Jul 16
B0DDVN6H8J,CyberLink PhotoDirector 2025 Ultra – AI Photo Editing | Graphic Design Software for Windows | Box with Download Code,https://www.amazon.com/CyberLink-PhotoDirector-2025-Ultra-Software/dp/B0DDVN6H8J/ref=sr_1_75?dib=eyJ2IjoiMSJ9.nscGUyx7KkGUGBQJcMN8XbQcskz7SL_3dmcAHhnojLFPDRqHBzLe2YncvCP2ucZO5tkDEaz-HAWsT8d9CInbId9F1I65DbWCSh8DmQaY0NG-ZHtP4yXqHhDJqdp_bryveWvAR4T67LW-xbs_saTsulfeOCOkqf_Ra2bUcUNM0sglnVQ_AweEoqCUZe4BBgRW1Yo-HuFq--VS8SReZdGLga0E4g4n0yN2xzIzFIochuc.NDLwreVEtTqFZqRXlGpsfrZPPrOoAEq6foIEqxZStP8&dib_tag=se&qid=1748434492&s=software&sr=1-75&srs=16225008011&xpid=EqFDzypNPiQe_,https://m.media-amazon.com/images/I/71rjSuZsQXL._AC_UY218_.jpg,3.5 out of 5 stars,25,$79.99,N/A
B07YTWBKZF,"Slideshow Studio for Windows 11, 10, 8.1, 7 - Turn your wedding, birthday and vacation photos into beautiful videos with music, transitions and effects",https://www.amazon.com/Slideshow-Studio-Windows-8-1-transitions/dp/B07YTWBKZF/ref=sr_1_76?dib=eyJ2IjoiMSJ9.nscGUyx7KkGUGBQJcMN8XbQcskz7SL_3dmcAHhnojLFPDRqHBzLe2YncvCP2ucZO5tkDEaz-HAWsT8d9CInbId9F1I65DbWCSh8DmQaY0NG-ZHtP4yXqHhDJqdp_bryveWvAR4T67LW-xbs_saTsulfeOCOkqf_Ra2bUcUNM0sglnVQ_AweEoqCUZe4BBgRW1Yo-HuFq--VS8SReZdGLga0E4g4n0yN2xzIzFIochuc.NDLwreVEtTqFZqRXlGpsfrZPPrOoAEq6foIEqxZStP8&dib_tag=se&qid=1748434492&s=software&sr=1-76&srs=16225008011&xpid=EqFDzypNPiQe_,https://m.media-amazon.com/images/I/81rW4CIqMLL._AC_UY218_.jpg,3.9 out of 5 stars,238,$19.99,Delivery Jul 14 - 24
B0CPNWJBWN,FINAL DRAFT 13 - Professional Screenwriting Software For Screenwriters With Industry Standard Formatting and Writing Project Planning Productivity Tools,https://www.amazon.com/FINAL-DRAFT-13-Screenwriting-Screenwriters/dp/B0CPNWJBWN/ref=sr_1_77?dib=eyJ2IjoiMSJ9.nscGUyx7KkGUGBQJcMN8XbQcskz7SL_3dmcAHhnojLFPDRqHBzLe2YncvCP2ucZO5tkDEaz-HAWsT8d9CInbId9F1I65DbWCSh8DmQaY0NG-ZHtP4yXqHhDJqdp_bryveWvAR4T67LW-xbs_saTsulfeOCOkqf_Ra2bUcUNM0sglnVQ_AweEoqCUZe4BBgRW1Yo-HuFq--VS8SReZdGLga0E4g4n0yN2xzIzFIochuc.NDLwreVEtTqFZqRXlGpsfrZPPrOoAEq6foIEqxZStP8&dib_tag=se&qid=1748434492&s=software&sr=1-77&srs=16225008011&xpid=EqFDzypNPiQe_,https://m.media-amazon.com/images/I/61sB6vrfTHL._AC_UY218_.jpg,3.9 out of 5 stars,282,$249.99,Delivery Jun 30 - Jul 16
B0DJF29NJS,"Recovery, Repair & Re-install disc with key compatible with MS Win 10 64 bit Technical Support Included.",https://www.amazon.com/Recovery-Re-install-compatible-Technical-Included/dp/B0DJF29NJS/ref=sr_1_78?dib=eyJ2IjoiMSJ9.nscGUyx7KkGUGBQJcMN8XbQcskz7SL_3dmcAHhnojLFPDRqHBzLe2YncvCP2ucZO5tkDEaz-HAWsT8d9CInbId9F1I65DbWCSh8DmQaY0NG-ZHtP4yXqHhDJqdp_bryveWvAR4T67LW-xbs_saTsulfeOCOkqf_Ra2bUcUNM0sglnVQ_AweEoqCUZe4BBgRW1Yo-HuFq--VS8SReZdGLga0E4g4n0yN2xzIzFIochuc.NDLwreVEtTqFZqRXlGpsfrZPPrOoAEq6foIEqxZStP8&dib_tag=se&qid=1748434492&s=software&sr=1-78&srs=16225008011&xpid=EqFDzypNPiQe_,https://m.media-amazon.com/images/I/71n0+-afg2L._AC_UY218_.jpg,4.5 out of 5 stars,6,$50.00,N/A
B09THG8QYM,"PDF Pro 3 - PDF editor to create, edit and convert PDFs - 100% Compatible with Adobe Acrobat – software for Windows 11, 10, 8.1, 7",https://www.amazon.com/PDF-Pro-convert-Compatible-software/dp/B09THG8QYM/ref=sr_1_79?dib=eyJ2IjoiMSJ9.nscGUyx7KkGUGBQJcMN8XbQcskz7SL_3dmcAHhnojLFPDRqHBzLe2YncvCP2ucZO5tkDEaz-HAWsT8d9CInbId9F1I65DbWCSh8DmQaY0NG-ZHtP4yXqHhDJqdp_bryveWvAR4T67LW-xbs_saTsulfeOCOkqf_Ra2bUcUNM0sglnVQ_AweEoqCUZe4BBgRW1Yo-HuFq--VS8SReZdGLga0E4g4n0yN2xzIzFIochuc.NDLwreVEtTqFZqRXlGpsfrZPPrOoAEq6foIEqxZStP8&dib_tag=se&qid=1748434492&s=software&sr=1-79&srs=16225008011&xpid=EqFDzypNPiQe_,https://m.media-amazon.com/images/I/71gZFWFajQL._AC_UY218_.jpg,3.6 out of 5 stars,161,$29.99,Delivery Jun 30 - Jul 16
B0B6W8H71Z,"Video Converter Software compatible with Windows 11, 10, 8 and 7 – Easily convert video and audio files even in HD, 4K and 3D – Edit and improve your videos",https://www.amazon.com/Video-Converter-Software-compatible-Windows/dp/B0B6W8H71Z/ref=sr_1_80?dib=eyJ2IjoiMSJ9.nscGUyx7KkGUGBQJcMN8XbQcskz7SL_3dmcAHhnojLFPDRqHBzLe2YncvCP2ucZO5tkDEaz-HAWsT8d9CInbId9F1I65DbWCSh8DmQaY0NG-ZHtP4yXqHhDJqdp_bryveWvAR4T67LW-xbs_saTsulfeOCOkqf_Ra2bUcUNM0sglnVQ_AweEoqCUZe4BBgRW1Yo-HuFq--VS8SReZdGLga0E4g4n0yN2xzIzFIochuc.NDLwreVEtTqFZqRXlGpsfrZPPrOoAEq6foIEqxZStP8&dib_tag=se&qid=1748434492&s=software&sr=1-80&srs=16225008011&xpid=EqFDzypNPiQe_,https://m.media-amazon.com/images/I/71uNSRAFk7L._AC_UY218_.jpg,3.7 out of 5 stars,118,$24.99,Delivery Jun 30 - Jul 16
